object_id,points,center_x,center_y,center_z,length,width,height
1,248,120.369,85.425,7.621,3.527,5.461,2.778
2,154,67.412,60.181,2.920,1.061,0.591,3.527
3,261,55.960,61.776,3.566,3.944,4.245,4.619
4,182,141.142,77.580,7.937,0.799,3.518,4.794
5,219,74.621,75.796,3.402,1.612,3.187,3.381
6,201,58.119,63.123,6.764,4.220,4.408,2.889
7,155,62.480,76.481,3.749,0.916,0.747,4.242
8,1306,57.872,125.365,1.772,3.876,1.727,2.237
9,39,87.702,59.973,1.033,0.540,0.217,0.647
10,329,108.377,112.214,0.976,2.585,4.566,0.948
11,33,119.903,82.593,8.087,1.998,1.780,1.146
12,124,141.024,64.179,8.658,0.115,2.630,5.013
13,71,76.472,78.705,5.524,2.815,3.130,2.279
14,285,76.548,59.882,3.698,1.264,0.830,4.740
15,291,106.205,117.531,0.901,3.654,4.657,0.800
16,105,124.935,83.700,4.177,1.039,1.366,4.931
17,102,134.787,132.660,8.407,0.335,5.359,2.221
18,31,138.876,76.097,3.724,0.342,1.396,1.396
19,111,53.257,76.398,4.324,0.411,0.820,4.749
20,73,140.733,58.687,9.202,0.118,2.492,3.896
21,158,77.349,75.068,4.988,3.218,3.969,1.532
22,48,44.156,76.552,4.020,0.492,0.616,3.502
23,32,56.953,75.315,3.719,0.052,0.077,3.236
24,184,34.544,149.056,4.247,6.093,2.429,4.845
25,249,55.401,146.504,1.771,2.294,1.768,2.226
26,115,32.494,98.300,7.896,2.606,0.946,4.848
27,48,87.377,81.616,0.803,1.982,1.940,0.285
28,451,34.857,120.874,3.844,6.290,2.992,5.868
29,105,114.747,55.533,1.951,1.367,2.533,1.805
30,289,44.855,82.780,4.918,8.353,1.939,5.164
31,129,94.046,89.792,3.594,0.253,0.260,5.801
32,66,134.635,134.897,6.509,0.023,7.398,0.341
33,61,100.198,131.083,1.007,1.904,0.525,0.701
34,266,78.659,62.284,6.823,6.418,5.066,2.791
35,52,122.801,87.573,8.214,1.846,3.504,1.851
36,60,54.728,125.201,1.010,0.544,0.372,0.708
37,281,141.271,70.612,8.276,1.041,4.142,5.581
38,139,136.582,115.413,10.283,1.002,6.585,1.729
39,89,57.693,146.424,1.829,0.421,1.618,2.106
40,120,84.990,116.651,3.232,0.224,0.211,5.114
41,47,141.012,77.728,3.693,0.053,2.160,1.292
42,89,143.061,73.905,6.469,0.879,2.844,2.626
43,110,68.866,125.372,3.089,0.281,0.233,4.788
44,51,86.549,76.517,1.012,0.507,0.362,0.708
45,33,68.885,145.911,2.264,0.227,0.204,3.102
46,46,114.599,53.252,2.084,1.656,0.591,1.600
47,56,83.282,81.165,0.808,4.074,1.037,0.278
48,41,123.769,139.727,1.233,3.725,0.338,0.278
49,30,38.942,98.500,2.288,1.653,0.780,0.049
50,32,121.512,98.016,3.830,0.917,1.411,1.897
51,90,98.072,132.468,0.960,2.708,1.799,0.838
52,122,27.994,162.360,7.254,0.550,3.064,5.864
53,39,134.665,110.727,2.194,0.550,3.527,0.145
54,51,74.847,60.042,1.000,0.985,0.676,0.683
55,516,121.825,53.550,8.222,6.161,7.174,5.184
56,45,134.788,131.387,5.915,0.335,2.613,1.306
57,51,108.324,116.222,4.477,0.567,0.235,5.510
58,72,56.140,73.589,6.881,2.188,3.628,1.773
59,45,65.203,74.189,6.161,2.183,2.380,1.301
60,40,68.262,80.663,0.811,3.915,0.034,0.273
61,212,136.118,90.034,7.451,2.919,4.780,5.222
62,33,128.524,139.741,4.290,3.637,0.366,0.261
63,57,114.059,80.938,3.491,0.227,0.217,5.876
64,60,113.333,100.915,3.318,0.102,0.122,4.775
65,79,48.901,125.612,2.901,0.204,0.141,4.389
66,45,105.661,137.325,4.574,0.102,0.191,4.670
67,54,89.843,90.791,1.006,0.306,0.544,0.675
68,34,121.364,86.145,9.582,1.874,2.298,1.377
69,32,134.870,117.230,2.230,0.141,3.280,0.048
70,48,28.070,121.387,7.170,3.042,1.936,3.003
71,57,24.706,154.152,8.788,3.904,0.450,2.330
